rank,n_train,n_val,n_test,recon_mae_norm,recon_max_norm,recon_mae_K_approx,recon_max_K_approx,pred_mae_norm,pred_max_norm,pred_mae_K_approx,pred_max_K_approx,train_seconds,inference_seconds,source_file
8,504,63,63,0.027084993198513985,0.6483792066574097,1.0833997279405594,25.935168266296387,0.029920879751443863,0.7754605412483215,1.1968351900577545,31.01842164993286,2.2703393,0.0028110999999997333,pod_regression_sweep_r8.summary.yaml
16,504,63,63,0.02674649842083454,0.6260231137275696,1.0698599368333817,25.040924549102783,0.03152703121304512,0.8179745674133301,1.2610812485218048,32.7189826965332,2.3199825,0.004582000000000086,pod_regression_sweep_r16.summary.yaml
32,504,63,63,0.024367040023207664,0.6925858855247498,0.9746816009283066,27.70343542098999,0.030515825375914574,0.8398711681365967,1.220633015036583,33.59484672546387,2.3123194,0.004683299999999946,pod_regression_sweep_r32.summary.yaml
64,504,63,63,0.02341376803815365,0.6422698497772217,0.9365507215261459,25.690793991088867,0.02790033258497715,0.8154159784317017,1.116013303399086,32.616639137268066,2.3001556,0.003976800000000225,pod_regression_sweep_r64.summary.yaml
128,504,63,63,0.02243826352059841,0.6551247835159302,0.8975305408239365,26.204991340637207,0.03259927034378052,0.9022303819656372,1.3039708137512207,36.08921527862549,2.355549,0.0118927000000002,pod_regression_sweep_r128.summary.yaml
